episode,reward,q_eval,target_mean,updates,steps,total_steps,epsilon_end,beta,reward_ma20
1,-180.9031526496704,0.034801434725522995,,0,112,112,0.98936,,
2,-154.98765121718296,0.034801434725522995,,0,67,179,0.982995,,
3,-433.23599777270226,0.034801434725522995,,0,102,281,0.973305,,
4,-57.44284031679783,0.034801434725522995,,0,75,356,0.96618,,
5,-101.46295456559713,0.034801434725522995,,0,72,428,0.95934,,
6,-214.20213464302128,0.034801434725522995,,0,123,551,0.947655,,
7,-197.8661483896448,0.034801434725522995,,0,100,651,0.938155,,
8,-99.0394918828112,0.034801434725522995,,0,65,716,0.93198,,
9,-59.202429038595255,0.034801434725522995,,0,101,817,0.922385,,
10,-447.98234775882264,0.034801434725522995,,0,99,916,0.91298,,
11,-136.3215593288071,-0.1362801194190979,-2.395339548587799,16,144,1060,0.8993,,
12,-106.88777481284245,-0.30906352400779724,-2.097743887792934,22,91,1151,0.890655,,
13,-463.79625864226443,-0.4527110755443573,-1.8293359161665042,24,93,1244,0.88182,,
14,-204.88280447073925,-0.8406335711479187,-1.9916921298612247,44,176,1420,0.8651,,
15,-346.19041263279365,-0.8681938648223877,-1.891760735600083,27,111,1531,0.854555,,
16,-71.55129477777487,-1.3790615797042847,-2.4281328693032265,32,126,1657,0.842585,,
17,-111.80767955178788,-1.3793467283248901,-2.41202542334795,20,81,1738,0.83489,,
18,-240.35846451750658,-1.4608840942382812,-2.7292730030806167,23,92,1830,0.82615,,
19,-78.25995294164427,-1.0209379196166992,-2.0394457359062996,19,77,1907,0.818835,,
20,-181.44668553531392,-1.4192891120910645,-2.9610435217618942,28,109,2016,0.80848,,-194.391401772316
21,-77.91234361037142,-1.7185992002487183,-2.867793189851861,19,78,2094,0.80107,,-189.24186132035103
22,-139.52635771714114,-1.616297960281372,-3.031919605202145,18,72,2166,0.79423,,-188.46879664534896
23,-196.88251856719182,-1.6218621730804443,-2.6814097257760854,39,154,2320,0.7796,,-176.65112268507343
24,-123.66925325593013,-1.268986463546753,-2.669761199217576,26,107,2427,0.769435,,-179.9624433320301
25,-127.35458145459819,-1.288973093032837,-2.5388348627835513,40,160,2587,0.754235,,-181.2570246764801
26,-345.7629024617272,-1.1346392631530762,-2.624242765562875,35,139,2726,0.7410300000000001,,-187.8350630674154
27,-94.62730995776734,-0.9246581792831421,-2.6315474227070808,40,160,2886,0.72583,,-182.67312114582154
28,-77.54375367042898,-1.3057039976119995,-2.6828710670982088,28,111,2997,0.715285,,-181.59833423520243
29,-46.33461985002299,-0.9363755583763123,-2.3466413907515697,39,155,3152,0.7005600000000001,,-180.9549437757738
30,-134.43704468911628,-1.4132171869277954,-2.7243207306773574,27,111,3263,0.690015,,-165.27767862228848
31,-37.5022701532045,-1.03146493434906,-2.208417735993862,23,91,3354,0.68137,,-160.33671416350836
32,-144.766026370727,-0.843679666519165,-2.491896002065568,21,82,3436,0.6735800000000001,,-162.23062674140257
33,-150.62862878548623,-1.2394849061965942,-2.561430960893631,32,130,3566,0.66123,,-146.57224524856366
34,-84.06626457010941,-0.8161162734031677,-2.14571676021669,41,163,3729,0.645745,,-140.5314182535322
35,-201.36272113502076,-1.158050537109375,-2.3465364476044974,24,96,3825,0.636625,,-133.29003367864354
36,-125.1018485939646,-0.9212997555732727,-2.467618554830551,31,126,3951,0.624655,,-135.96756136945302
37,-47.1082673774487,-0.5316429734230042,-1.8157328762570206,49,196,4147,0.606035,,-132.73259076073606
38,-19.285414393535348,-0.9075562953948975,-1.740808826068352,29,116,4263,0.5950150000000001,,-121.67893825453753
39,-96.51266113789433,-0.9474360942840576,-1.7727543107337422,36,141,4404,0.58162,,-122.59157366435002
40,-190.04415169353223,-0.6050711274147034,-1.7357981580275077,27,108,4512,0.5713600000000001,,-123.02144697226095
41,-129.68650189615664,-0.37735098600387573,-1.2941899233881164,34,139,4651,0.558155,,-125.6101548865502
42,-45.551096824489065,0.24941188097000122,-1.0166733933461678,37,146,4797,0.544285,,-120.91139184191759
43,-246.27717542136497,0.2004605084657669,-0.8765724497406107,57,228,5025,0.5226250000000001,,-123.38112468462626
44,-39.701568828939884,-0.11693695187568665,-0.7569161980759864,51,205,5230,0.50315,,-119.18274046327672
45,-49.296226083775366,0.18195770680904388,-0.35230073024486674,29,117,5347,0.4920350000000001,,-115.2798226947356
46,-59.50915694962499,0.09430673718452454,-0.588447271166621,37,147,5494,0.47807,,-100.96713541913047
47,-89.39215184549892,0.2657676935195923,-0.0014067265604223525,28,113,5607,0.46733500000000006,,-100.70537751351705
48,-135.5028705645929,0.5976834893226624,-0.1677654334767298,44,175,5782,0.45070999999999994,,-103.60333335822527
49,-89.80821563882562,0.5818614363670349,0.17918430917403277,85,338,6120,0.4186000000000001,,-105.77701314766539
50,14.575503656619546,0.23969249427318573,0.4174831234184759,56,227,6347,0.397035,,-98.3263857303786
51,-96.8588451696153,1.1473628282546997,0.3541099484029569,38,152,6499,0.382595,,-101.29421448119913
52,-307.3971708141596,1.8067355155944824,1.586223099132379,60,239,6738,0.35989000000000004,,-109.42577170337077
53,-80.16956296507365,2.845689058303833,1.0991420872710846,74,296,7034,0.33177,,-105.90281841235014
54,-335.4701877899903,2.8482308387756348,2.0960908486056575,194,774,7808,0.25824,,-118.47301457334417
55,-294.42734157466975,2.929999351501465,2.5981375069721886,46,185,7993,0.24066500000000002,,-123.12624559532662
56,-19.47547731149676,2.7173399925231934,2.1957085940145675,31,123,8116,0.22898000000000007,,-117.84492703120324
57,-106.3074966091267,3.149045944213867,2.562606998682022,250,1000,9116,0.1339800000000001,,-120.80488849278716
58,-39.5672059140272,4.3267621994018555,3.3164902688860893,250,1000,10116,0.050000000000000044,,-121.81897806881173
59,-52.5899841676916,4.855108261108398,4.419513438224793,250,1000,11116,0.050000000000000044,,-119.62284422030159
60,-136.0226481479802,4.6564226150512695,4.368228363579717,174,698,11814,0.050000000000000044,,-116.92176904302399
61,-27.770476647258345,5.879183292388916,4.762246503531933,250,1000,12814,0.050000000000000044,,-111.82596778057908
62,-218.60645751806163,6.0,5.107980997483265,241,963,13777,0.050000000000000044,,-120.4787358152577
63,141.3266956015579,5.793662071228027,4.206890476049569,189,758,14535,0.050000000000000044,,-101.09854226411156
64,193.28281223859773,5.456588268280029,3.8286299670814836,189,756,15291,0.050000000000000044,,-89.44932321073469
65,-148.9302788259088,5.422119617462158,4.183574691414833,248,990,16281,0.050000000000000044,,-94.43102584784135
66,103.89249351209968,5.835965633392334,3.951129140579595,226,905,17186,0.050000000000000044,,-86.26094332475512
67,114.15614639701853,5.0848517417907715,4.368756130777834,237,948,18134,0.050000000000000044,,-76.08352841262925
68,-85.5835369931249,4.921014785766602,3.543051821691496,111,444,18578,0.050000000000000044,,-73.58756173405585
69,-37.01219017510014,5.818122386932373,4.921151383042336,250,1000,19578,0.050000000000000044,,-70.94776046086957
70,-40.06698106273854,4.595498561859131,5.624179102897644,250,1000,20578,0.050000000000000044,,-73.67988469683748
71,-38.25351708721846,4.627258777618408,5.4335986819267275,250,1000,21578,0.050000000000000044,,-70.74961829271764
72,-73.57985551875223,3.7899489402770996,5.864317770957947,250,1000,22578,0.050000000000000044,,-59.05875252794726
73,-69.66454613782534,3.6663553714752197,6.3183746484518055,250,1000,23578,0.050000000000000044,,-58.53350168658486
74,-34.89760109493328,1.9764456748962402,6.030983741164207,250,1000,24578,0.050000000000000044,,-43.504872351832
75,-19.880397351054857,2.3970327377319336,6.429851116657257,250,1000,25578,0.050000000000000044,,-29.777525140651257
76,-32.23029795205695,1.2428394556045532,7.297590210437774,250,1000,26578,0.050000000000000044,,-30.415266172679264
77,-17.16540901909524,0.5756223797798157,7.663048134326935,250,1000,27578,0.050000000000000044,,-25.95816179317769
78,-60.468578396375094,-0.015337219461798668,7.9385291039943695,250,1000,28578,0.050000000000000044,,-27.00323041729509
79,-47.70924353678865,-0.1576397716999054,7.789122030973434,250,1000,29578,0.050000000000000044,,-26.75919338574994
80,-44.16626310761871,-0.05248367413878441,8.857412499427795,250,1000,30578,0.050000000000000044,,-22.166374133731864
81,-65.4288961882313,0.17541992664337158,8.204527752637864,250,1000,31578,0.050000000000000044,,-24.049295110780513
82,-12.810542207852535,-0.5754887461662292,8.985835085391999,250,1000,32578,0.050000000000000044,,-13.759499345270061
83,-15.871282150564216,0.5819119215011597,9.054331005573273,250,1000,33578,0.050000000000000044,,-21.61939823287617
84,-32.555021336948755,0.7292637825012207,9.601429419517517,250,1000,34578,0.050000000000000044,,-32.91128991165349
85,-29.085733176726826,0.7292210459709167,10.106858843803407,250,1000,35578,0.050000000000000044,,-26.91906262919439
86,-57.669798577507464,-0.43035706877708435,9.60614567875862,250,1000,36578,0.050000000000000044,,-34.99717723367475
87,-21.019301053471388,0.14635147154331207,10.041798827171325,250,1000,37578,0.050000000000000044,,-41.75594960619924
88,-15.330747389458079,-0.5074079632759094,10.247489486217498,250,1000,38578,0.050000000000000044,,-38.2433101260159
89,-36.1151903767805,-0.20278412103652954,10.32971543955803,250,1000,39578,0.050000000000000044,,-38.198460136099925
90,2.6092114835113867,-0.3980868458747864,10.721097036123275,250,1000,40578,0.050000000000000044,,-36.06465050878742
91,-85.76098696579155,-0.6375227570533752,10.593297518253326,250,1000,41578,0.050000000000000044,,-38.44002400271607
92,-22.037634869093655,0.20498336851596832,10.69892353439331,250,1000,42578,0.050000000000000044,,-35.862912970233154
93,-12.392333213685637,0.8955621123313904,10.190248620271683,250,1000,43578,0.050000000000000044,,-32.99930232402616
94,-10.403593015983164,0.45299407839775085,10.579837852478027,250,1000,44578,0.050000000000000044,,-31.77460192007866
95,21.8310656148947,0.7989259362220764,10.516254711151124,250,1000,45578,0.050000000000000044,,-29.68902877178118
96,-14.70350983539651,1.6513699293136597,10.527290260791778,250,1000,46578,0.050000000000000044,,-28.812689365948152
97,-21.854938444858217,2.3516743183135986,11.049758992910386,250,1000,47578,0.050000000000000044,,-29.047165837236303
98,6.651923267232102,2.6359963417053223,11.484578972816466,250,1000,48578,0.050000000000000044,,-25.691140754055947
99,-36.80276242229789,3.669321298599243,10.716236351966858,250,1000,49578,0.050000000000000044,,-25.14581669833141
100,-122.06844889430866,4.818653106689453,10.542615468025208,250,1000,50578,0.050000000000000044,,-29.040925987665908
101,-34.811516897150355,5.79254150390625,11.06173868560791,250,1000,51578,0.050000000000000044,,-27.51005702311186
102,-88.71866348295111,5.899300575256348,11.542036943435669,250,1000,52578,0.050000000000000044,,-31.30546308686679
103,-65.506887203786,7.475037097930908,11.306304640769959,250,1000,53578,0.050000000000000044,,-33.787243339527876
104,-3.8896762598512358,8.73420238494873,11.605251932144165,250,1000,54578,0.050000000000000044,,-32.353976085673004
105,-84.13174848360676,8.45694351196289,11.584642347335816,250,1000,55578,0.050000000000000044,,-35.106276851017
106,-65.99936229568964,7.470970630645752,11.093146537780761,250,1000,56578,0.050000000000000044,,-35.52275503692611
107,-50.37126381705337,7.54781436920166,11.16218356513977,250,1000,57578,0.050000000000000044,,-36.990353175105206
108,-33.98771009990452,7.324534893035889,11.371133409500121,250,1000,58578,0.050000000000000044,,-37.92320131062753
109,-89.20515525847424,7.23979377746582,11.510097743988037,250,1000,59578,0.050000000000000044,,-40.57769955471221
110,-93.77357818549747,7.987428665161133,11.219660499572754,250,1000,60578,0.050000000000000044,,-45.39683903816266
111,-40.5729501837579,8.859969139099121,11.29917624282837,250,1000,61578,0.050000000000000044,,-43.13743719906098
112,-52.13365532093599,9.580426216125488,11.70573635673523,250,1000,62578,0.050000000000000044,,-44.642238221653095
113,-27.164549311566606,11.5079927444458,12.163078315734863,250,1000,63578,0.050000000000000044,,-45.380849026547146
114,-1.5673182611736711,11.902687072753906,12.184485832214355,250,1000,64578,0.050000000000000044,,-44.939035288806664
115,4.336671423738056,10.936347961425781,11.742924724578858,250,1000,65578,0.050000000000000044,,-45.813754998364494
116,-54.99416534511932,10.516615867614746,11.872574539184571,250,1000,66578,0.050000000000000044,,-47.82828777385064
117,-51.311287664469724,9.942002296447754,11.49922049331665,250,1000,67578,0.050000000000000044,,-49.30110523483121
118,-7.767366835965746,9.369657516479492,11.507424396514892,250,1000,68578,0.050000000000000044,,-50.0220697399911
119,-32.50380675770769,9.615797996520996,11.140835485458375,250,1000,69578,0.050000000000000044,,-49.8071219567616
120,-126.18484327774067,9.707085609436035,10.696926469802856,250,1000,70578,0.050000000000000044,,-50.0129416759332
121,1.3164064484009108,8.541997909545898,10.717274801254273,250,1000,71578,0.050000000000000044,,-48.20654550865564
122,-63.90620801619168,9.62342357635498,10.937659059252058,77,309,71887,0.050000000000000044,,-46.96592273531766
123,-9.354548905628745,11.561066627502441,11.049005403518677,250,1000,72887,0.050000000000000044,,-44.1583058204098
124,10.702521926644758,11.235690116882324,10.963846101760865,250,1000,73887,0.050000000000000044,,-43.428695911085
125,-58.442200479293895,13.504533767700195,11.075958494186402,250,1000,74887,0.050000000000000044,,-42.14421851086936
126,-59.623067674240346,13.463248252868652,11.181326168339426,82,328,75215,0.050000000000000044,,-41.82540377979689
127,20.704400002981203,16.429121017456055,11.288102382659913,250,1000,76215,0.050000000000000044,,-38.271620588795166
128,-54.414594923887904,17.41838836669922,11.140039112091065,250,1000,77215,0.050000000000000044,,-39.29296482999433
129,-14.050768162617288,17.33340835571289,10.96891421699524,250,1000,78215,0.050000000000000044,,-35.535245475201485
130,-16.234224487777286,19.446334838867188,10.99839492225647,250,1000,79215,0.050000000000000044,,-31.658277790315474
131,-46.200999033209534,20.684900283813477,11.022475313186645,250,1000,80215,0.050000000000000044,,-31.93968023278806
132,-24.909332185417366,19.046863555908203,10.722476627349854,250,1000,81215,0.050000000000000044,,-30.578464076012125
133,-23.06322958575071,18.072423934936523,10.595770580291749,250,1000,82215,0.050000000000000044,,-30.37339808972133
134,29.939559528004207,19.3244686126709,10.645997079849243,250,1000,83215,0.050000000000000044,,-28.798054200262435
135,-75.49409110062001,20.209976196289062,10.80932525062561,250,1000,84215,0.050000000000000044,,-32.789592326480346
136,-84.51320613454129,20.20563316345215,10.86100623512268,250,1000,85215,0.050000000000000044,,-34.26554436595144
137,220.73500945409063,19.776426315307617,10.196409293123194,148,592,85807,0.050000000000000044,,-20.66322951002342
138,202.9653591791759,19.721084594726562,10.517335570993877,168,672,86479,0.050000000000000044,,-10.126593209266339
139,-11.311362100380896,20.39227867126465,10.519179531097413,250,1000,87479,0.050000000000000044,,-9.0669709764
140,-89.3437508757441,20.371488571166992,10.375784271240235,250,1000,88479,0.050000000000000044,,-7.224916356300173
141,-95.843058324751,19.618200302124023,10.112365287780761,250,1000,89479,0.050000000000000044,,-12.082889594957766
142,-4.046587629455813,18.978391647338867,9.528236379623413,250,1000,90479,0.050000000000000044,,-9.089908575620974
143,-57.94444571067598,19.854955673217773,10.31737131881714,250,1000,91479,0.050000000000000044,,-11.519403415873336
144,10.492563189164825,20.637659072875977,9.965216522216798,250,1000,92479,0.050000000000000044,,-11.529901352747334
145,-44.14016298224644,20.87826156616211,9.70036057472229,250,1000,93479,0.050000000000000044,,-10.814799477894962
146,-25.83363845665969,24.007343292236328,9.827342422485351,250,1000,94479,0.050000000000000044,,-9.125328017015928
147,-22.478303647371977,24.455110549926758,9.651666906356812,250,1000,95479,0.050000000000000044,,-11.284463199533587
148,-24.57180012244971,25.964405059814453,9.364245803833008,250,1000,96479,0.050000000000000044,,-9.792323459461675
149,-34.25996454088798,25.747577667236328,9.322315320968627,250,1000,97479,0.050000000000000044,,-10.80278327837521
150,-41.92476212151624,27.299169540405273,9.477789590835572,250,1000,98479,0.050000000000000044,,-12.08731016006216
151,-3.3808758647512676,29.219829559326172,9.631534448623658,250,1000,99479,0.050000000000000044,,-9.946304001639245
152,6.464420603081267,30.585552215576172,9.64436262512207,250,1000,100479,0.050000000000000044,,-8.377616362214315
153,-34.348845319957434,31.56072425842285,9.953425981521606,250,1000,101479,0.050000000000000044,,-8.94189714892465
154,4.359496040800244,32.98758316040039,9.831904586791993,250,1000,102479,0.050000000000000044,,-10.220900323284848
155,-60.85638518817209,34.57674026489258,9.504876787185669,250,1000,103479,0.050000000000000044,,-9.48901502766245
156,-35.37007917241087,36.71100997924805,9.181746103286743,250,1000,104479,0.050000000000000044,,-7.0318586795559295
157,-60.092866700871774,38.373939514160156,9.005848026275634,250,1000,105479,0.050000000000000044,,-21.073252487304053
158,185.57861720959662,38.073692321777344,9.09782571554184,200,798,106277,0.050000000000000044,,-21.94258958578301
159,-94.03331592330495,39.48934555053711,9.449130887031556,250,1000,107277,0.050000000000000044,,-26.07868727692922
160,-55.399103059698824,40.638057708740234,9.114064014434815,250,1000,108277,0.050000000000000044,,-24.381454886126953
161,-70.54859916024272,43.426239013671875,9.017213562011719,250,1000,109277,0.050000000000000044,,-23.11673192790154
162,5.528792463504999,44.107120513916016,9.385022272109985,250,1000,110277,0.050000000000000044,,-22.6379629232535
163,-34.01610566218253,45.199249267578125,9.595195159912109,250,1000,111277,0.050000000000000044,,-21.441545920828826
164,-10.931866061319575,46.52214050292969,9.441988857269287,250,1000,112277,0.050000000000000044,,-22.512767383353047
165,33.48517427568393,46.98762512207031,9.412748953819275,250,1000,113277,0.050000000000000044,,-18.631500520456527
166,-39.379312043752314,47.222530364990234,9.50444931793213,250,1000,114277,0.050000000000000044,,-19.30878419981116
167,-39.008602507797306,48.46107864379883,9.654007698059083,250,1000,115277,0.050000000000000044,,-20.135299142832427
168,-43.06776718538032,48.917327880859375,9.279485485076904,250,1000,116277,0.050000000000000044,,-21.060097495978958
169,235.20167258940717,49.845458984375,9.317112089836435,146,585,116862,0.050000000000000044,,-7.5870156394642
170,-63.03598107562128,50.453521728515625,9.405332237243652,250,1000,117862,0.050000000000000044,,-8.642576587169453
171,191.37713042532152,50.61488723754883,9.265800263508257,249,996,118858,0.050000000000000044,,1.095323727334187
172,-61.32297906366075,51.372501373291016,9.421506540298463,250,1000,119858,0.050000000000000044,,-2.294046256002914
173,-82.52479343210469,50.52851104736328,9.207216159820558,250,1000,120858,0.050000000000000044,,-4.7028436616102764
174,254.57795490139418,49.98875427246094,8.947953137316444,129,514,121372,0.050000000000000044,,7.808079281419421
175,177.27325940905376,49.573543548583984,8.824329013712923,171,686,122058,0.050000000000000044,,19.714561511280714
176,-12.413548060224475,49.7955207824707,8.673798352241516,250,1000,123058,0.050000000000000044,,20.862388066890034
177,269.3026469465852,50.40480422973633,8.867849165933174,114,457,123515,0.050000000000000044,,37.33216374926288
178,228.91023467964467,50.83393478393555,8.813690113734049,166,664,124179,0.050000000000000044,,39.49874462276529
179,212.8904289181504,51.300758361816406,8.998018231987952,160,639,124818,0.050000000000000044,,54.84493186483805
180,212.33535292596054,51.9936637878418,8.891058723926545,200,799,125617,0.050000000000000044,,68.23165466412101
181,15.687935482563688,51.882022857666016,8.39179339981079,250,1000,126617,0.050000000000000044,,72.54348139626134
182,248.3055462941682,51.97471618652344,8.3275631045507,121,484,127101,0.050000000000000044,,84.6823190877945
183,207.06533683784912,52.04029846191406,8.645114587590019,187,747,127848,0.050000000000000044,,96.73639121279608
184,226.80924919184196,51.979434967041016,8.521916523785658,142,571,128419,0.050000000000000044,,108.62344697545416
185,126.2186751959579,51.969966888427734,8.526101449615934,234,934,129353,0.050000000000000044,,113.26012202146785
186,168.4374272942213,51.91789245605469,8.06372999108356,207,829,130182,0.050000000000000044,,123.65095898836655
187,-97.64868841733893,52.08034133911133,8.275589066582757,37,148,130330,0.050000000000000044,,120.71895469288945
188,-81.05428263277086,52.69586944580078,8.320913308257357,218,871,131201,0.050000000000000044,,118.81962892051995
189,238.42984425198912,52.79450225830078,8.698011520480321,121,484,131685,0.050000000000000044,,118.98103750364903
190,246.8815808258651,52.80813980102539,8.531100146420352,143,574,132259,0.050000000000000044,,134.47691559872334
191,-68.25083388775957,53.24302673339844,8.437293951034546,250,1000,133259,0.050000000000000044,,121.4955173830693
192,16.996276391388342,54.28386306762695,8.880212827682495,250,1000,134259,0.050000000000000044,,125.41148015582175
193,-75.99688740633484,54.89409255981445,9.195847343444823,250,1000,135259,0.050000000000000044,,125.73787545711022
194,140.28561997790393,54.63727951049805,9.131685314336753,241,963,136222,0.050000000000000044,,120.02325871093572
195,170.6402580244864,55.037357330322266,9.29080062068027,184,737,136959,0.050000000000000044,,119.69160864170735
196,17.114261340045722,55.540618896484375,9.522169143676757,250,1000,137959,0.050000000000000044,,121.16799911172089
197,218.08853705173246,55.80442810058594,9.881305796759468,182,728,138687,0.050000000000000044,,118.60729361697824
198,-49.41477396423963,55.683311462402344,10.80385878944397,250,1000,139687,0.050000000000000044,,104.69104318478401
199,221.44068260498352,55.74778366088867,10.967019216942065,165,657,140344,0.050000000000000044,,105.11855586912569
200,-72.06458152905005,55.347625732421875,10.748533987045288,250,1000,141344,0.050000000000000044,,90.89855914637515
201,17.758210369259928,56.14598083496094,10.866571128845214,250,1000,142344,0.050000000000000044,,91.00207289070995
202,-52.15113605050872,55.61119079589844,10.663110750198364,250,1000,143344,0.050000000000000044,,75.97923877347611
203,-50.90454315976758,56.209529876708984,10.798361707687379,250,1000,144344,0.050000000000000044,,63.08074477359528
204,-52.89413634022398,55.761539459228516,10.90618025779724,250,1000,145344,0.050000000000000044,,49.095575496991984
205,200.54478017341052,56.1453971862793,10.947518638751474,217,868,146212,0.050000000000000044,,52.811880745864606
206,229.51660204083265,55.8571662902832,11.099202931275842,171,685,146897,0.050000000000000044,,55.86583948319518
207,133.52559012480668,55.61894989013672,11.41036160575019,225,902,147799,0.050000000000000044,,67.42455341030247
208,185.0815898567384,55.30010223388672,11.467460106058818,164,656,148455,0.050000000000000044,,80.73134703477791
209,193.7628750935292,55.140525817871094,11.581831702371923,164,656,149111,0.050000000000000044,,78.49799857685493
210,197.08452916323012,54.93962860107422,11.528460139550534,197,785,149896,0.050000000000000044,,76.00814599372316
211,188.8489553146656,54.733009338378906,11.776707039797369,187,749,150645,0.050000000000000044,,88.86313545384444
212,201.88559253138558,54.67121887207031,11.989051101133995,194,777,151422,0.050000000000000044,,98.10760126084429
213,125.63054775863996,55.43001937866211,12.17375541272746,221,884,152306,0.050000000000000044,,108.18897301909303
214,214.09632866358902,55.817264556884766,12.181263282895088,160,638,152944,0.050000000000000044,,111.8795084533773
215,-11.105971919398366,55.615478515625,12.416409633636475,250,1000,153944,0.050000000000000044,,102.79219695618303
216,150.98512012488715,55.06098175048828,12.575867132509135,219,878,154822,0.050000000000000044,,109.48573989542513
217,245.3619292781794,55.366756439208984,12.924801063537597,160,640,155462,0.050000000000000044,,110.84940950674748
218,212.48312848088142,54.9666633605957,12.9814591722174,182,729,156191,0.050000000000000044,,123.94430462900353
219,169.71414623828704,54.983192443847656,12.952559681993034,199,793,156984,0.050000000000000044,,121.35797781066871
220,199.48145246336364,55.42680740356445,13.193245124816894,195,780,157764,0.050000000000000044,,134.93527951028938
221,250.17688294522793,55.307743072509766,13.733892155389716,137,550,158314,0.050000000000000044,,146.5562131390878
222,203.98333087267397,55.477386474609375,13.882417659067738,193,771,159085,0.050000000000000044,,159.3629364852469
223,200.47366084368372,56.090633392333984,14.092620793510886,170,681,159766,0.050000000000000044,,171.9318466854195
224,203.9989663553074,56.235408782958984,14.359473327537636,154,617,160383,0.050000000000000044,,184.77650182019607
225,217.47290681293129,56.811100006103516,14.584474058340717,151,602,160985,0.050000000000000044,,185.6229081521721
226,210.28021003397998,56.988346099853516,14.494943710571942,187,749,161734,0.050000000000000044,,184.66108855182947
227,-51.0331839705324,57.073974609375,14.522857315063476,250,1000,162734,0.050000000000000044,,175.4331498470625
228,-76.78100438112492,57.180931091308594,14.761159866333008,250,1000,163734,0.050000000000000044,,162.34002013516934
229,174.50970031583154,57.325138092041016,14.664044894594134,165,659,164393,0.050000000000000044,,161.37736139628447
230,-37.754120726144855,57.855716705322266,14.468019546508788,250,1000,165393,0.050000000000000044,,149.63542890181571
231,184.02952030253851,57.332820892333984,14.391676119963329,240,959,166352,0.050000000000000044,,149.39445715120934
232,-45.81550516561476,58.044315338134766,14.45787317276001,250,1000,167352,0.050000000000000044,,137.00940226635936
233,-30.425886798046477,58.01420974731445,14.255998371124267,250,1000,168352,0.050000000000000044,,129.206580538525
234,157.9874877777903,58.69151306152344,14.074395664760045,175,700,169052,0.050000000000000044,,126.40113849423508
235,166.1017212033835,59.024227142333984,14.481351148791429,164,659,169711,0.050000000000000044,,135.26152315037416
236,161.7189289162622,59.041934967041016,14.64560009261309,177,705,170416,0.050000000000000044,,135.79821358994292
237,47.77935118250565,59.13884735107422,15.059526607513428,250,1000,171416,0.050000000000000044,,125.91908468515922
238,131.923870815428,59.7286376953125,14.781851277548887,169,676,172092,0.050000000000000044,,121.89112180188656
239,137.348744594817,59.774112701416016,15.03323867182026,223,892,172984,0.050000000000000044,,120.27285171971305
240,244.11733546104986,60.28627014160156,15.702336030847887,119,476,173460,0.050000000000000044,,122.50464586959738
241,156.7668222266965,60.40751647949219,14.793442347470451,136,546,174006,0.050000000000000044,,117.83414283367078
242,146.97575503688864,60.84257507324219,14.68532512664795,225,901,174907,0.050000000000000044,,114.98376404188153
243,206.6588928998472,61.069175720214844,14.364388471841812,160,640,175547,0.050000000000000044,,115.29302564468972
244,163.04555733737885,61.58869934082031,14.731811413148634,147,587,176134,0.050000000000000044,,113.24535519379329
245,197.9284245389942,61.34343338012695,15.159043583556683,137,546,176680,0.050000000000000044,,112.26813108009642
246,127.86898222126672,61.095096588134766,14.857163042961796,237,948,177628,0.050000000000000044,,108.14756968946077
247,156.1429055493826,61.8963623046875,14.839431036350339,172,690,178318,0.050000000000000044,,118.5063741654565
248,234.05429588042435,62.35600280761719,15.073348654641045,72,287,178605,0.050000000000000044,,134.04813917853397
249,141.95887365618074,63.391544342041016,15.202092887232544,189,755,179360,0.050000000000000044,,132.4205978455514
250,272.96897484529177,63.668731689453125,15.136233661485756,92,371,179731,0.050000000000000044,,147.95675262412328
251,110.15170169210265,64.1240463256836,15.054485405987574,247,987,180718,0.050000000000000044,,144.26286169360148
252,231.91849881516725,65.19314575195312,15.321083851632356,173,693,181411,0.050000000000000044,,158.14956189264058
253,195.31533174369713,66.498779296875,15.434128805082672,196,783,182194,0.050000000000000044,,169.43662281972775
254,194.10608378071427,66.82743072509766,15.801230556362277,91,363,182557,0.050000000000000044,,171.24255261987395
255,151.82096150984285,67.51000213623047,15.70815305950261,238,951,183508,0.050000000000000044,,170.52851463519693
256,229.08102812448104,68.4223861694336,15.823186104757744,114,458,183966,0.050000000000000044,,173.89661959560786
257,203.53342257192168,69.49406433105469,16.03433695766661,144,577,184543,0.050000000000000044,,181.68432316507864
258,210.97161471227957,69.97467803955078,16.664306290756315,169,675,185218,0.050000000000000044,,185.63671035992124
259,194.47057665781745,70.7176284790039,16.4017991065979,150,598,185816,0.050000000000000044,,188.49280196307126
260,189.22509470490314,71.5582046508789,16.743466129410738,177,708,186524,0.050000000000000044,,185.74818992526392
261,276.47297850238465,71.75958251953125,17.118661426362536,84,338,186862,0.050000000000000044,,191.73349773904835
262,207.86677100659625,72.27462005615234,16.796269328095192,129,514,187376,0.050000000000000044,,194.77804853753372
263,152.98454640565973,72.70093536376953,17.085713356419614,95,382,187758,0.050000000000000044,,192.09433121282433
264,183.514336745356,72.66877746582031,17.04168284098307,75,301,188059,0.050000000000000044,,193.11777018322317
265,156.37352388398156,72.76628112792969,17.289403651742376,170,679,188738,0.050000000000000044,,191.04002515047256
266,211.8737762648251,73.10330200195312,17.06689620935,104,414,189152,0.050000000000000044,,195.24026485265048
267,244.5596533426144,73.43484497070312,16.808014059719973,73,293,189445,0.050000000000000044,,199.66110224231207
268,240.35350457712974,73.96853637695312,17.202222899635238,101,403,189848,0.050000000000000044,,199.97606267714735
269,257.8641620563598,73.87327575683594,16.820089293114933,81,326,190174,0.050000000000000044,,205.7713270971563
270,253.59120050102504,75.09599304199219,17.879071251463493,181,723,190897,0.050000000000000044,,204.80243837994294
271,-29.383305683819756,75.02175903320312,18.575978925151208,31,126,191023,0.050000000000000044,,197.82568801114684
272,177.36699609086463,74.756591796875,18.63044030982328,83,329,191352,0.050000000000000044,,195.0981128749317
273,266.0949374471443,74.56243896484375,18.851790165682452,109,439,191791,0.050000000000000044,,198.6370931601041
274,224.92843488604063,74.97136688232422,18.890780954360963,100,398,192189,0.050000000000000044,,200.1782107153704
275,235.96512445744003,75.94129180908203,18.92798971548313,82,328,192517,0.050000000000000044,,204.38541886275024
276,200.12933483631076,75.52725219726562,19.614377291306205,92,368,192885,0.050000000000000044,,202.93783419834173
277,219.88165942645517,76.30521392822266,19.524810766871973,79,317,193202,0.050000000000000044,,203.7552460410684
278,250.22012529615267,75.3102798461914,19.706472600092653,61,244,193446,0.050000000000000044,,205.71767157026207
279,238.7325091158306,76.30065155029297,19.696701749970643,79,314,193760,0.050000000000000044,,207.9307681931627
280,-19.740882304511757,75.89958953857422,20.420302673622412,54,216,193976,0.050000000000000044,,197.48246934269199
281,268.94106543984077,75.74859619140625,20.46854542712776,98,393,194369,0.050000000000000044,,197.10587368956476
282,231.3932693514566,76.27787017822266,20.528791208620426,135,540,194909,0.050000000000000044,,198.28219860680778
283,-41.35844105348134,77.48503112792969,21.15068882533482,35,140,195049,0.050000000000000044,,188.56504923385074
284,242.77777777224284,77.0685806274414,21.76168269421681,83,332,195381,0.050000000000000044,,191.52822128519512
285,282.37704551219497,77.28083038330078,21.929671614917357,67,267,195648,0.050000000000000044,,197.82839736660577
286,282.36332700635796,76.87747192382812,21.92601544857025,80,323,195971,0.050000000000000044,,201.3528749036824
287,261.9969327545458,75.85135650634766,22.03371078491211,75,298,196269,0.050000000000000044,,202.22473887427898
288,-13.916598483693306,77.1555404663086,22.200504842794167,53,212,196481,0.050000000000000044,,189.51123372123783
289,244.35117693257322,76.76536560058594,22.4216587668971,57,229,196710,0.050000000000000044,,188.8355844650485
290,276.4757092491563,76.80673217773438,22.249420373746663,101,405,197115,0.050000000000000044,,189.97980990245506
291,202.50461253358287,76.56745910644531,23.00426139831543,115,459,197574,0.050000000000000044,,201.57420581332516
292,168.22790925012887,76.0167465209961,23.28843619975638,94,376,197950,0.050000000000000044,,201.1172514712884
293,217.88180072522388,76.22311401367188,23.896672158871056,53,213,198163,0.050000000000000044,,198.70659463519237
294,282.875515154735,75.65727233886719,23.62211925642831,56,223,198386,0.050000000000000044,,201.6039486486271
295,2.1062184013414793,76.10089874267578,23.317977905273438,33,130,198516,0.050000000000000044,,189.91100334582217
296,35.41486541020609,75.94656372070312,24.08049253515295,37,148,198664,0.050000000000000044,,181.67527987451692
297,282.5781273950512,76.04067993164062,24.065384351290188,65,263,198927,0.050000000000000044,,184.81010327294675
298,44.71484180154391,77.70024108886719,24.740413665771484,49,194,199121,0.050000000000000044,,174.5348390982163
299,279.62418086973804,77.075439453125,24.79881339142288,69,276,199397,0.050000000000000044,,176.57942268591165
300,187.55667186826122,78.02958679199219,25.107537194302207,76,306,199703,0.050000000000000044,,186.94430039455034
301,263.960856823105,77.64930725097656,25.271514543672886,82,325,200028,0.050000000000000044,,186.69528996371355
302,-48.610320922126434,77.21455383300781,25.109063466389973,21,85,200113,0.050000000000000044,,172.6951104500344
303,215.2078004600621,76.18875885009766,25.00463530357848,47,188,200301,0.050000000000000044,,185.52342252571157
304,7.563255747941909,76.11695861816406,25.29625102996826,50,202,200503,0.050000000000000044,,173.76269642449648
305,276.52982986380164,76.1307144165039,25.42638465105477,59,234,200737,0.050000000000000044,,173.47033564207683
306,278.8583759880001,76.0691146850586,25.459444010699237,54,215,200952,0.050000000000000044,,173.29508809115896
307,231.41893273197525,75.85176849365234,25.92771783765856,91,366,201318,0.050000000000000044,,171.76618809003043
308,283.6570847992832,76.7662124633789,26.716229252698945,82,328,201646,0.050000000000000044,,186.64487225417923
309,227.562728361651,76.034423828125,26.5843384029629,111,443,202089,0.050000000000000044,,185.80544982563313
310,10.221473756381386,76.60865783691406,27.305043526415556,53,212,202301,0.050000000000000044,,172.49273805099438
311,245.69965515480828,75.45298767089844,26.91716410896995,66,266,202567,0.050000000000000044,,174.65249018205566
312,-10.064663036277324,75.37422180175781,27.614854998704864,41,162,202729,0.050000000000000044,,165.73786156773537
313,259.17376799921965,75.22003173828125,27.913047995934118,65,260,202989,0.050000000000000044,,167.80245993143515
314,267.8348090620077,75.69427490234375,27.55579439798991,57,230,203219,0.050000000000000044,,167.05042462679876
315,5.813106214584508,75.97796630859375,27.946410548930267,49,195,203414,0.050000000000000044,,167.2357690174609
316,263.4152395865433,76.50440216064453,28.166816970049325,59,235,203649,0.050000000000000044,,178.63578772627778
317,252.37026905654386,76.8138198852539,28.777384664498122,51,205,203854,0.050000000000000044,,177.1253948093524
318,240.37408932349143,76.97647094726562,28.918126807493323,68,272,204126,0.050000000000000044,,186.9083571854498
319,234.38066816544878,76.309326171875,28.87504041762579,84,337,204463,0.050000000000000044,,184.64618155023533
320,253.6064484987966,76.5162582397461,29.558370531219797,97,386,204849,0.050000000000000044,,187.9486703817621
321,253.06731769791958,76.98509216308594,30.208840384412166,134,536,205385,0.050000000000000044,,187.40399342550282
322,275.32543978248805,77.5368423461914,29.853771146837172,91,364,205749,0.050000000000000044,,203.60078146073357
323,283.94665492491447,77.10836791992188,30.52233498556572,57,229,205978,0.050000000000000044,,207.03772418397617
324,267.3443343064321,77.99847412109375,31.14869696299235,60,239,206217,0.050000000000000044,,220.02677811190065
325,259.91896798893663,78.54422760009766,31.149541527032852,64,255,206472,0.050000000000000044,,219.1962350181574
326,284.88818155322633,78.30580139160156,31.126859013038345,79,317,206789,0.050000000000000044,,219.49772529641876
327,275.8223731779583,78.56730651855469,30.518783055818997,52,210,206999,0.050000000000000044,,221.71789731871792
328,270.92162416474014,78.87002563476562,31.167152888338332,71,284,207283,0.050000000000000044,,221.08112428699073
329,264.10717793180083,79.18794250488281,31.454405784606934,56,224,207507,0.050000000000000044,,222.9083467654982
330,93.92669324041066,79.26678466796875,31.591473594665526,250,1000,208507,0.050000000000000044,,227.0936077396997
331,175.92659576868667,79.6407470703125,32.39903611896419,119,473,208980,0.050000000000000044,,223.60495477039362
332,268.16378673901323,79.35913848876953,32.64858053915156,159,636,209616,0.050000000000000044,,237.51637725915816
333,260.6288950228859,79.44091796875,33.40742374601818,63,254,209870,0.050000000000000044,,237.58913361034146
334,274.57456631495245,79.78135681152344,34.02740243077278,64,254,210124,0.050000000000000044,,237.92612147298868
335,270.3777900490482,79.4499740600586,33.534727359640186,58,234,210358,0.050000000000000044,,251.1543556647119
336,251.68476964384465,79.85629272460938,33.701058883666995,50,199,210557,0.050000000000000044,,250.5678321675769
337,239.77660189779817,79.71529388427734,34.578935796564274,44,177,210734,0.050000000000000044,,249.93814880963964
338,285.8121598645429,79.95458221435547,34.295563338905254,93,373,211107,0.050000000000000044,,252.2100523366922
339,208.34001623708173,80.48298645019531,34.15933249213479,88,351,211458,0.050000000000000044,,250.90801974027386
340,233.08522217318816,79.6875,34.76802221257636,47,186,211644,0.050000000000000044,,249.88195842399347
341,260.76786002228005,79.9871826171875,34.669211281670464,54,216,211860,0.050000000000000044,,250.26698554021146
342,256.4374473914038,79.89724731445312,34.65810439700172,42,168,212028,0.050000000000000044,,249.32258592065727
343,275.2985665667883,79.78143310546875,34.47224244617281,63,253,212281,0.050000000000000044,,248.89018150275098
344,204.77734191442894,80.87802124023438,34.784164178566854,61,243,212524,0.050000000000000044,,245.76183188315082
345,270.1309590312118,80.34065246582031,35.8027373450143,70,281,212805,0.050000000000000044,,246.27243143526456
346,239.79441071426953,80.83092498779297,35.2891068709524,57,228,213033,0.050000000000000044,,244.0177428933167
347,15.671691146519962,80.9480972290039,36.080827245172465,53,211,213244,0.050000000000000044,,231.0102087917448
348,240.71377284827793,80.46288299560547,36.16841247346666,36,147,213391,0.050000000000000044,,229.49981622592168
349,256.0018858121387,81.29869842529297,36.2217829492357,72,285,213676,0.050000000000000044,,229.09455161993856
350,263.0813338052727,81.68119812011719,36.573248375786676,45,182,213858,0.050000000000000044,,237.55228364818169
351,235.6783311011389,81.53242492675781,37.303466426001656,72,288,214146,0.050000000000000044,,240.53987041480428
352,248.6873230543398,82.129638671875,37.93078373500279,70,278,214424,0.050000000000000044,,239.56604723057063
353,270.5356561665467,82.0512466430664,38.130536920884076,51,206,214630,0.050000000000000044,,240.0613852877537
354,221.14717191809578,81.74525451660156,37.96536235320262,39,155,214785,0.050000000000000044,,237.3900155679108
355,272.99317144188336,82.11833190917969,38.398192651810184,62,250,215035,0.050000000000000044,,237.5207846375526
356,264.35857107976915,82.76980590820312,38.20161774953206,60,240,215275,0.050000000000000044,,238.15447470934882
357,217.52483383364955,82.43241882324219,38.5517312170754,71,281,215556,0.050000000000000044,,237.0418863061414
358,219.63071539384296,82.63490295410156,39.229653544240186,77,311,215867,0.050000000000000044,,233.7328140826064
359,278.8196306699972,83.13436889648438,40.2882677275559,58,229,216096,0.050000000000000044,,237.25679480425214
360,228.12991228998433,82.31878662109375,40.0851701150729,127,511,216607,0.050000000000000044,,237.00902931009196
361,223.48219213108956,82.6550064086914,40.33385652240954,95,380,216987,0.050000000000000044,,235.14474591553244
362,269.6200210474424,83.09998321533203,40.279059410095215,56,221,217208,0.050000000000000044,,235.80387459833437
363,278.75960417179596,83.23509979248047,41.28685066916726,44,177,217385,0.050000000000000044,,235.97692647858474
364,271.07239370951584,83.1611099243164,41.212167263031006,56,226,217611,0.050000000000000044,,239.29167906833908
365,247.74573243282407,82.6489486694336,41.644150210965066,124,495,218106,0.050000000000000044,,238.1724177384197
366,253.88794044694393,83.18174743652344,41.77202033996582,80,320,218426,0.050000000000000044,,238.87709422505344
367,255.75006491483632,83.87028503417969,41.31976836404683,81,322,218748,0.050000000000000044,,250.88101291346925
368,269.3419683286038,83.1383285522461,41.81535816192627,64,257,219005,0.050000000000000044,,252.31242268748557
369,242.03032667172877,83.00701141357422,41.825267549545046,63,254,219259,0.050000000000000044,,251.6138447304651
370,251.5530032163758,83.61027526855469,41.5147840163287,85,339,219598,0.050000000000000044,,251.0374282010202
371,224.9063150134619,83.27352905273438,42.27038846697126,91,363,219961,0.050000000000000044,,250.4988273966364
372,284.6371058718213,83.99343872070312,42.725698370682565,57,227,220188,0.050000000000000044,,252.2963165375104
373,276.32792276055307,84.02867889404297,43.051211858199814,59,239,220427,0.050000000000000044,,252.58592986721072
374,105.28586068934612,85.09036254882812,43.18977017211914,250,1000,221427,0.050000000000000044,,246.79286430577326
375,318.47289494188,84.96820068359375,43.553494135538735,54,214,221641,0.050000000000000044,,249.0668504807731
376,197.50127705651255,84.12924194335938,44.17291259765625,56,223,221864,0.050000000000000044,,245.72398577961025
377,284.2209240686143,84.34977722167969,44.56971674952014,58,235,222099,0.050000000000000044,,249.0587902913585
378,269.3872177286111,83.9931411743164,44.31924057006836,59,236,222335,0.050000000000000044,,251.5466154080969
379,31.747582870725125,84.70232391357422,45.093619210379465,56,223,222558,0.050000000000000044,,239.19301301813334
380,210.85046022502846,84.50453186035156,44.834745317697525,128,510,223068,0.050000000000000044,,238.32904041488555
381,246.77567524756589,84.9081802368164,44.78178259905647,136,546,223614,0.050000000000000044,,239.49371457070933
382,248.28656821869404,84.47039031982422,45.296758802313555,76,302,223916,0.050000000000000044,,238.4270419292719
383,276.2021766542841,84.72718811035156,44.79113556356991,136,544,224460,0.050000000000000044,,238.29917055339632
384,230.42228610085138,85.44145202636719,45.08722091047731,73,294,224754,0.050000000000000044,,236.26666517296312
385,266.20001426801747,85.1787338256836,45.365520607341416,88,351,225105,0.050000000000000044,,237.18937926472276
386,241.59127351319214,85.7031478881836,45.73271515790154,102,409,225514,0.050000000000000044,,236.57454591803517
387,235.6627949734055,85.8054428100586,46.60375657923081,85,341,225855,0.050000000000000044,,235.57018242096365
388,9.899616960285016,85.36306762695312,46.424774169921875,51,202,226057,0.050000000000000044,,222.5980648525477
389,234.72421492852513,85.72972869873047,46.6466084380648,67,270,226327,0.050000000000000044,,222.2327592653875
390,249.5004187215727,85.91590118408203,47.33515370356572,77,307,226634,0.050000000000000044,,222.13013004064737
391,251.18501764955045,85.57848358154297,47.15485017439898,68,270,226904,0.050000000000000044,,223.4440651724518
392,19.26500749013266,86.16902160644531,47.011522928873696,81,324,227228,0.050000000000000044,,210.17546025336736
393,227.08997771435708,85.952392578125,47.2743529947395,117,468,227696,0.050000000000000044,,207.71356300105754
394,280.3604510469663,86.1069107055664,47.7016121497521,65,260,227956,0.050000000000000044,,216.46729251893856
395,246.32908734957408,86.50767517089844,47.250309753417966,70,281,228237,0.050000000000000044,,212.86010213932326
396,295.4801668182869,86.05693054199219,47.72176077606481,109,436,228673,0.050000000000000044,,217.759046627412
397,247.7485146883364,86.83998107910156,48.39745893382063,99,396,229069,0.050000000000000044,,215.93542615839812
398,235.32831847013614,86.69087982177734,48.20985343239524,132,527,229596,0.050000000000000044,,214.23248119547435
399,270.9732619076757,86.5791244506836,48.195674851361446,85,343,229939,0.050000000000000044,,226.1937651473219
400,252.27062611990544,87.6166000366211,49.11691748046875,125,498,230437,0.050000000000000044,,228.26477344206575
401,246.93855066390694,87.85863494873047,48.93063785411693,108,434,230871,0.050000000000000044,,228.27291721288276
402,259.5517289049876,87.91319274902344,48.78657242188971,83,332,231203,0.050000000000000044,,228.83617524719745
403,270.1766226868791,88.33312225341797,48.99705685206822,70,278,231481,0.050000000000000044,,228.53489754882722
404,229.04433925537506,88.39775085449219,48.90339332290843,79,318,231799,0.050000000000000044,,228.46600020655342
405,257.50442099981035,88.07586669921875,49.714285490942785,61,244,232043,0.050000000000000044,,228.03122054314304
406,259.88568413167127,87.60167694091797,49.87115994895377,82,328,232371,0.050000000000000044,,228.945941074067
407,245.6069303412302,87.61514282226562,49.62292779775766,65,257,232628,0.050000000000000044,,229.44314784245825
408,205.96434821411776,87.8484878540039,49.97647372159091,88,354,232982,0.050000000000000044,,239.24638440514985
409,198.57260447292325,87.66400146484375,49.8037346095255,146,585,233567,0.050000000000000044,,237.43880388236977
410,292.1979187509429,88.14157104492188,49.745812334333145,70,277,233844,0.050000000000000044,,239.57367888383823
411,234.6395110889444,88.38953399658203,50.18130743092504,58,235,234079,0.050000000000000044,,238.74640355580794
412,242.72026325546977,87.97394561767578,50.148650968396986,74,295,234374,0.050000000000000044,,249.9191663440748
413,241.8040254407948,88.47346496582031,50.69713535047557,73,291,234665,0.050000000000000044,,250.65486873039671
414,280.6783286146125,88.58792877197266,50.40579092374412,93,373,235038,0.050000000000000044,,250.67076260877903
415,-3.2547914670235514,88.59727478027344,50.77246540242975,88,353,235391,0.050000000000000044,,238.19156866794916
416,-19.750944836513426,89.58899688720703,50.93076146732677,88,352,235743,0.050000000000000044,,222.4300130852091
417,247.1291189386111,88.46748352050781,50.64058535026781,66,263,236006,0.050000000000000044,,222.39904329772284
418,231.1841600602602,89.22412872314453,50.531125664711,128,513,236519,0.050000000000000044,,222.19183537722907
419,268.7676133057562,89.29423522949219,50.658376932144165,96,383,236902,0.050000000000000044,,222.0815529471331
420,-140.7170815080845,88.48661804199219,50.34595859751982,34,136,237038,0.050000000000000044,,202.43216756573358
421,246.6225649489345,88.33318328857422,50.32093278292952,58,231,237269,0.050000000000000044,,202.41636827998497
422,264.72558353255897,88.41500091552734,51.24710732175593,57,229,237498,0.050000000000000044,,202.67506101136354
423,286.202388274332,88.26575469970703,50.917137145996094,72,286,237784,0.050000000000000044,,203.4763492907362
424,270.21108314201115,88.92611694335938,50.667448699474335,64,257,238041,0.050000000000000044,,205.53468648506797
425,246.96239280287142,88.41615295410156,51.549247707940836,113,453,238494,0.050000000000000044,,205.00758507522104
426,262.3290838950552,87.75613403320312,51.52413510813297,103,413,238907,0.050000000000000044,,205.12975506339026
427,235.70615657301522,87.25601196289062,51.50500040690104,75,300,239207,0.050000000000000044,,204.63471637497952
428,280.05801113047255,87.69168853759766,51.01203382337415,74,294,239501,0.050000000000000044,,208.33939952079723
429,283.52412421355064,87.7563705444336,51.38217616426772,69,275,239776,0.050000000000000044,,212.58697550782858
430,248.54718327642576,88.74240112304688,51.87065528233846,120,483,240259,0.050000000000000044,,210.4044387341027
431,253.3075914845011,88.39422607421875,52.06460282461984,70,278,240537,0.050000000000000044,,211.33784275388058
432,249.88324052090732,88.45873260498047,51.84686190122134,154,616,241153,0.050000000000000044,,211.69599161715246
433,269.36020034649596,87.94181823730469,51.90538937704904,84,337,241490,0.050000000000000044,,213.07380036243748
434,232.85275444705061,88.4188461303711,52.27711902741463,155,620,242110,0.050000000000000044,,210.68252165405943
435,255.84941100375173,88.09668731689453,52.10470204883151,72,286,242396,0.050000000000000044,,223.63773177759822
436,239.29462144338382,88.53463745117188,52.43101792586477,76,305,242701,0.050000000000000044,,236.590010091593
437,254.2866992548864,87.72906494140625,51.614654541015625,64,257,242958,0.050000000000000044,,236.9478891074068
438,284.59502446210126,87.69403076171875,51.63883150127572,71,282,243240,0.050000000000000044,,239.61843232749885
439,242.40237850897776,87.64958190917969,51.92585823752663,88,352,243592,0.050000000000000044,,238.30017058765992
440,254.80067140739834,86.45777130126953,51.5177713808806,115,460,244052,0.050000000000000044,,258.0760582334341
441,253.026144743544,86.99748992919922,51.913167254130045,60,241,244293,0.050000000000000044,,258.3962372231646
442,25.100678755939967,87.15943145751953,50.842495579873365,62,248,244541,0.050000000000000044,,246.41499198433357
443,281.6013859394119,87.06758117675781,51.84326616923014,66,263,244804,0.050000000000000044,,246.1849418675876
444,20.893877192766283,87.2132797241211,51.87260570860746,57,228,245032,0.050000000000000044,,233.71908157012535
445,273.9484401502244,87.69347381591797,51.47380167245865,64,259,245291,0.050000000000000044,,235.06838393749302
446,267.4709602696786,86.83622741699219,51.92387232780457,80,318,245609,0.050000000000000044,,235.3254777562242
447,284.315906537308,87.68841552734375,51.91846637994471,71,284,245893,0.050000000000000044,,237.7559652544388
448,233.0619706133555,86.99087524414062,52.057737005762306,83,331,246224,0.050000000000000044,,235.40616322858295
449,275.70835120003414,87.44116973876953,52.19344801061294,68,275,246499,0.050000000000000044,,235.01537457790715
450,230.20203334302238,87.35498809814453,52.26492613888858,89,354,246853,0.050000000000000044,,234.09811708123698
451,271.25981567057977,86.62411499023438,51.65712118148804,136,544,247397,0.050000000000000044,,234.9957282905409
452,280.7814629476815,87.14505767822266,51.69215935601129,90,359,247756,0.050000000000000044,,236.5406394118796
453,280.28975353264127,86.17212677001953,51.03158902450347,71,287,248043,0.050000000000000044,,237.08711707118687
454,234.37083055155364,85.72984313964844,52.03224367253921,68,269,248312,0.050000000000000044,,237.16302087641202
455,237.92998186057196,86.4853286743164,51.68244458422249,81,325,248637,0.050000000000000044,,236.26704941925306
456,254.02689700121996,86.5020523071289,50.934825121346165,59,236,248873,0.050000000000000044,,237.00366319714485
457,271.3643720452033,86.01776123046875,51.746137445623226,143,571,249444,0.050000000000000044,,237.85754683666067
458,258.7255119056329,85.90939331054688,52.97649079781991,54,218,249662,0.050000000000000044,,236.56407120883728
459,267.64032712056223,86.72308349609375,52.66466784477234,48,193,249855,0.050000000000000044,,237.82596863941654
460,263.40068231317315,86.84687805175781,52.03480612713358,92,368,250223,0.050000000000000044,,238.25596918470524
461,240.12151517574193,86.57864379882812,51.892979190224096,95,379,250602,0.050000000000000044,,237.61073770631515
462,266.5765930173933,86.49275207519531,52.50553591498013,87,348,250950,0.050000000000000044,,249.68453341938783
463,282.18235006701536,86.51885986328125,51.90490310668945,50,198,251148,0.050000000000000044,,249.71358162576797
464,42.52454710213078,86.70161437988281,53.00738970438639,48,193,251341,0.050000000000000044,,250.79511512123622
465,228.9095332632594,86.74097442626953,52.45156977726863,52,209,251550,0.050000000000000044,,248.54316977688796
466,275.4036739704232,87.45404052734375,52.31407356262207,56,224,251774,0.050000000000000044,,248.93980546192515
467,253.75777684559503,87.30671691894531,53.04848006919578,54,216,251990,0.050000000000000044,,247.41189897733952
468,218.82168913921217,86.83477783203125,51.81092142504315,86,343,252333,0.050000000000000044,,246.69988490363238
469,266.15141824816845,86.5267562866211,52.30067184448242,50,200,252533,0.050000000000000044,,246.22203825603907
470,206.93717515706396,86.21920013427734,51.39649450583536,61,244,252777,0.050000000000000044,,245.0587953467412
471,254.66878380182217,86.71247863769531,52.76425738083689,76,303,253080,0.050000000000000044,,244.2292437533033
472,255.69303636804352,86.8690414428711,52.707672119140625,56,226,253306,0.050000000000000044,,242.9748224243214
473,214.7070532938605,86.87560272216797,52.43832147771662,55,218,253524,0.050000000000000044,,239.69568741238237
474,231.1119651907317,85.63270568847656,51.65320853581504,63,253,253777,0.050000000000000044,,239.53274414434128
475,276.987210231145,86.46979522705078,52.47308543690464,57,227,254004,0.050000000000000044,,241.4856055628699
476,267.0178350116573,86.00138854980469,51.61400466668801,61,247,254251,0.050000000000000044,,242.1351524633918
477,225.33671872504755,86.25845336914062,52.89373383955522,55,219,254470,0.050000000000000044,,239.83376979738395
478,276.9592526059317,87.07292938232422,52.710899665707444,61,245,254715,0.050000000000000044,,240.74545683239893
479,254.30603282187408,86.68902587890625,52.97864651289142,61,242,254957,0.050000000000000044,,240.0787421174645
480,229.885194070733,86.420654296875,53.051186332219764,79,317,255274,0.050000000000000044,,238.40296770534252
481,281.50896633471365,86.0009765625,52.47595652411966,68,272,255546,0.050000000000000044,,240.4723402632911
482,256.58709603904055,86.0840072631836,52.91698602529672,65,258,255804,0.050000000000000044,,239.97286541437342
483,202.00752958176454,86.95089721679688,52.89711022755456,63,254,256058,0.050000000000000044,,235.96412439011092
484,248.87518727746235,86.6434555053711,53.386992040670144,53,211,256269,0.050000000000000044,,246.2816563988775
485,283.0449900726519,86.04878234863281,52.92698548634847,60,242,256511,0.050000000000000044,,248.9884292393471
486,250.8396525034837,86.10069274902344,53.587880313396454,64,254,256765,0.050000000000000044,,247.76022816600016
487,256.48131690751535,85.91570281982422,53.03764190673828,75,301,257066,0.050000000000000044,,247.89640516909617
488,265.69548125092405,85.86747741699219,53.114179069613236,81,324,257390,0.050000000000000044,,250.24009477468175
489,279.2555454554028,87.27130889892578,54.18290151977539,125,500,257890,0.050000000000000044,,250.89530113504347
490,282.7734739353116,87.03082275390625,53.840746842421495,77,307,258197,0.050000000000000044,,254.68711607395585
491,27.053423769406336,87.67732238769531,52.74731455093775,39,157,258354,0.050000000000000044,,243.30634807233506
492,25.011461169912565,87.4419937133789,54.30093678561124,44,175,258529,0.050000000000000044,,231.77226931242848
493,280.51119764124263,87.62947082519531,53.72333880833217,70,281,258810,0.050000000000000044,,235.0624765297976
494,259.968089988486,87.69165802001953,54.63408622258826,79,317,259127,0.050000000000000044,,236.5052827696853
495,302.31248808971,86.89037322998047,54.20471482866266,89,356,259483,0.050000000000000044,,237.7715466626136
496,283.47431136134,86.87896728515625,54.61577383188101,65,257,259740,0.050000000000000044,,238.59437048009772
497,235.94204439999768,86.47210693359375,54.87567021895428,98,395,260135,0.050000000000000044,,239.12463676384522
498,276.0591850110102,86.8705825805664,54.53335977637249,46,181,260316,0.050000000000000044,,239.07963338409914
499,272.60070193864436,86.9394760131836,54.37268512653855,53,212,260528,0.050000000000000044,,239.99436683993767
500,293.13986521849563,87.04656219482422,54.426429631159856,65,262,260790,0.050000000000000044,,243.15710039732576
